{
  "type": "tconstruct:swappable_modifier",
  "inputs": [
    {
      "item": "forgedinfire:dragonsteel_lightning_nugget"
    },             
    {
      "item": "forgedinfire:dragonsteel_lightning_nugget"
    },            
    {
      "item": "forgedinfire:dragonsteel_lightning_nugget"
    }
  ],
  "tools": [
    {
      "tag": "tconstruct:modifiable/embellishment/metal"
    }
  ],
  "result": {
    "name": "tconstruct:embellishment",
    "value": "forgedinfire:lightning_dragonsteel"
  }
}