{
  "stats": {
    "tconstruct:repair_kit": {
      "durability": 700
    },
    "tconstruct:extra": {},
    "tconstruct:handle": {
      "durability": 2.7,
      "miningSpeed": 1.5,
      "attackSpeed": 1.6,
      "attackDamage": 1.45
    },
    "tconstruct:head": {
      "durability": 1400,
      "miningSpeed": 8.0,
      "harvestTier": "minecraft:netherite",
      "attack": 4
    },
    "tconstruct:limb": {
      "durability": 1350,
      "drawSpeed": 0.5,
      "velocity": 0.35,
      "accuracy": 0.3
    },
    "tconstruct:grip": {
      "durability": 2.0,
      "accuracy": 0.35,
      "meleeAttack": 5.3
    }
  }
}