{
  "stats": {
    "tconstruct:repair_kit": {
      "durability": 700
    },
    "tconstruct:extra": {},
    "tconstruct:handle": {
      "durability": 2.5,
      "miningSpeed": 1.2,
      "attackSpeed": 1.3,
      "attackDamage": 1.3
    },
    "tconstruct:head": {
      "durability": 1250,
      "miningSpeed": 11.0,
      "harvestTier": "minecraft:netherite",
      "attack": 4.3
    },
    "tconstruct:limb": {
      "durability": 1300,
      "drawSpeed": 0.7,
      "velocity": 0.4,
      "accuracy": 0.45
    },
    "tconstruct:grip": {
      "durability": 1.3,
      "accuracy": 0.2,
      "meleeAttack": 4
    }
  }
}