{
  "stats": {
    "tconstruct:repair_kit": {
      "durability": 700
    },
    "tconstruct:extra": {},
    "tconstruct:handle": {
      "durability": 2.3,
      "miningSpeed": 1.2,
      "attackSpeed": 1.2,
      "attackDamage": 1.3
    },
    "tconstruct:head": {
      "durability": 1600,
      "miningSpeed": 7.0,
      "harvestTier": "minecraft:netherite",
      "attack": 4.8
    },
    "tconstruct:limb": {
      "durability": 1100,
      "drawSpeed": 0.4,
      "velocity": 0.25,
      "accuracy": 0.35
    },
    "tconstruct:grip": {
      "durability": 1.6,
      "accuracy": 0.3,
      "meleeAttack": 4.6
    }
  }
}