{
  "parts": [
    {
      "item": "tconstruct:small_blade"
    },
    {
      "item": "tconstruct:tough_handle"
    },
    {
      "item": "tconstruct:tough_handle"
    },
    {
      "item": "tconstruct:tool_binding"
    }
  ],
  "stats": {
    "base": {
      "tconstruct:attack_damage": 3.0,
      "tconstruct:attack_speed": 1.0
    },
    "multipliers": {
      "tconstruct:attack_damage": 1.5,
      "tconstruct:mining_speed": 0.25,
      "tconstruct:durability": 3.5
    }
  },
  "slots": {
    "upgrades": 2,
    "abilities": 1
  },
  "traits": [
    {
      "name": "tconstruct:silky_aoe_shears",
      "level": 1
    },
    {
      "name": "tconstruct:reach",
      "level": 2
    }
  ],
  "actions": [
    "sword_dig"
  ]
}