{
  "fallbacks": [
    "bone",
    "metal"
  ],
  "color": "917DD2",
  "luminosity": 9,
  "generator": {
    "transformer": {
      "type": "tconstruct:grey_to_sprite",
      "palette": [
        {
          "grey": 0
        },
        {
          "grey": 63,
          "path": "forgedinfire:item/materials/generator/lightningdsteel_63"
        },
        {
          "grey": 102,
          "path": "forgedinfire:item/materials/generator/lightningdsteel_102"
        },
        {
          "grey": 140,
          "path": "forgedinfire:item/materials/generator/lightningdsteel_140"
        },
        {
          "grey": 178,
          "path": "forgedinfire:item/materials/generator/lightningdsteel_178"
        },
        {
          "grey": 216,
          "color": "FFCAA4DA"
        },
        {
          "grey": 255,
          "color": "FFE5CBF7"
        }
      ]
    },
    "supportedStats": [
      "tconstruct:head",
      "tconstruct:handle",
      "tconstruct:extra",
      "tconstruct:repair_kit",
      "tconstruct:limb",
      "tconstruct:grip",
      "tconstruct:plate"
    ],
    "ignoreMaterialStats": false
  }
}