{
  "translation_key": "item.forgedinfire.glaive",
  "icon": {
    "item": "forgedinfire:glaive",
    "nbt": "{Damage:0,tic_broken:0b,tic_display:1b,tic_materials:[\"tconstruct:ui_render#head\",\"tconstruct:ui_render#handle\",\"tconstruct:ui_render#extra\",\"tconstruct:ui_render#large\",\"tconstruct:ui_render#extra_large\"]}"
  },
  "sortIndex": 9,
  "input_slots": [
    {
      "icon": "tconstruct:small_blade",
      "translation_key": "item.tconstruct.small_blade",
      "x": 45,
      "y": 26,
      "filter": {
        "item": "tconstruct:small_blade"
      }
    },
    {
      "icon": "tconstruct:tough_handle",
      "translation_key": "item.tconstruct.tough_handle",
      "x": 9,
      "y": 62,
      "filter": {
        "item": "tconstruct:tough_handle"
      }
    },
    {
      "icon": "tconstruct:tough_handle",
      "translation_key": "item.tconstruct.tough_handle",
      "x": 27,
      "y": 44,
      "filter": {
        "item": "tconstruct:tough_handle"
      }
    },
    {
      "icon": "tconstruct:tool_binding",
      "translation_key": "item.tconstruct.tool_binding",
      "x": 27,
      "y": 62,
      "filter": {
        "item": "tconstruct:tool_binding"
      }
    }
  ]
}